Date,Close/Last,Volume,Open,High,Low
12/01/2021,54.01,44799680,55.87,56.38,53.98
11/30/2021,54.59,46261970,54.85,55.68,54.32
11/29/2021,55.9,35441220,56.79,57.36,55.72
11/26/2021,55.58,44727230,55.04,55.76,54.14
11/24/2021,57.91,21434320,57.05,58.24,56.9725
11/23/2021,57.35,33863650,56.37,57.54,56.32
11/22/2021,55.64,33897330,54.59,56.48,54.58
11/19/2021,54.67,45689810,55.66,55.81,54.55
11/18/2021,56.89,28955460,57.1,57.545,56.2
11/17/2021,57.23,23669490,57.55,58.38,57.03
11/16/2021,58.12,20479420,58.2,58.59,57.84
11/15/2021,58.03,21375660,57.5,58.365,57.01
11/12/2021,57.55,17094990,57.45,57.78,57.2
11/11/2021,57.69,24498290,57.51,58.08,57.51
11/10/2021,57.47,36016460,58.78,58.97,57.125
11/09/2021,59.03,19688990,58.86,59.045,58.02
11/08/2021,58.79,20011160,58.75,59.4,58.465
11/05/2021,58.26,22603510,58.3,58.52,57.775
11/04/2021,57.51,38181610,58.28,58.43,56.99
11/03/2021,57.43,23337360,57.21,58.03,56.97
11/02/2021,57.91,17062700,58.12,58.57,57.72
11/01/2021,58.46,24828370,58.04,58.62,57.88
10/29/2021,57.47,21998930,58.14,58.27,57.23
10/28/2021,57.85,23367500,57.13,57.895,57.12
10/27/2021,57.44,34003780,58.5,58.82,57.31
10/26/2021,59.14,22751590,59,59.41,58.7796
10/25/2021,58.8,25056090,58.66,59.12,58.35
10/22/2021,57.95,21502530,57.62,57.995,57.075
10/21/2021,57.41,32120880,58.04,58.25,56.9401
10/20/2021,58.49,25106260,57.58,58.5,57.35
10/19/2021,58.02,22276250,57.61,58.22,57.295
10/18/2021,57.37,32628770,57.89,58.21,57.05
10/15/2021,57.33,22677410,57.69,57.91,57.3
10/14/2021,57.05,23396110,57,57.29,56.48
10/13/2021,56.36,28951270,56,56.65,55.37
10/12/2021,56.41,35519130,56.25,56.952,56.021
10/11/2021,56.36,43010750,57.42,57.59,56.305
10/08/2021,56.57,43100210,55.46,56.7,55.33
10/07/2021,54.88,38798080,54.6,55.18,54.33
10/06/2021,54.46,50087430,54.13,54.755,53.5
10/05/2021,55.04,49014810,55.5,56.05,54.465
10/04/2021,54.72,57407890,54.415,55.315,54.165
10/01/2021,53.84,41656010,52.47,53.89,52.47
09/30/2021,52.09,44599420,52.74,53.03,52.09
09/29/2021,52.89,34947180,52.84,53.22,52.19
09/28/2021,52.89,66487650,53.21,53.83,52.77
09/27/2021,52.71,40848680,52.02,52.92,51.95
09/24/2021,50.9,27751530,50.25,51.16,50.15
09/23/2021,50.52,24867150,49.08,50.67,48.85
09/22/2021,48.81,39626070,48.15,49.38,48.15
09/21/2021,47.35,25661750,47.8,48.05,46.85
09/20/2021,47.24,42830010,47.55,47.81,46.47
09/17/2021,49.32,32229530,49.44,50.22,49.191
09/16/2021,49.69,30321860,50.21,50.22,49.415
09/15/2021,50.26,38347480,49.14,50.3,49.06
09/14/2021,48.45,29467880,49.6,49.689,48.235
09/13/2021,49.16,34249830,48.41,49.4905,48.41
09/10/2021,47.79,18756540,48.55,48.65,47.64
09/09/2021,47.81,25264760,47.39,48.56,47.135
09/08/2021,47.71,21899150,48.6,48.92,47.68
09/07/2021,48.33,21240800,48.39,48.995,48.15
09/03/2021,48.62,19583980,48.8,49.16,48.3904
09/02/2021,48.9,30821650,48.13,49.29,48.13
09/01/2021,47.69,31729920,48.35,48.63,47.51
08/31/2021,48.4,26936590,48.49,48.93,48.28
08/30/2021,48.73,15908890,49.5,49.69,48.71
08/27/2021,49.31,23101330,48.63,49.64,48.52
08/26/2021,48.03,20732670,48.49,48.76,47.95
08/25/2021,48.77,19908770,48.3,49.035,47.98
08/24/2021,48.4,22691060,48.01,48.645,47.93
08/23/2021,47.61,29352210,47,47.74,46.9
08/20/2021,45.89,30793780,45.37,46.175,45.17
08/19/2021,45.79,49628130,46.2,46.5,45.14
08/18/2021,47.01,28152880,48,48.375,46.9501
08/17/2021,48.01,25554110,48.04,48.79,47.58
08/16/2021,48.51,24129910,48.75,48.77,48.08
08/13/2021,49.42,16525360,50.04,50.04,49.3
08/12/2021,50.01,18269050,50.02,50.29,49.4
08/11/2021,50.06,23843080,49.54,50.145,49.23
08/10/2021,49.67,26641540,49.07,49.8,49.01
08/09/2021,48.81,21096710,48.85,49.2,48.48
08/06/2021,49.51,18107380,49.48,49.9,49.24
08/05/2021,49.06,22899990,48.81,49.6619,48.6
08/04/2021,48.51,32261920,48.96,49.565,48.435
08/03/2021,49.86,32151050,48.86,49.96,48.4
08/02/2021,49.02,28905400,49.42,50.62,48.94
07/30/2021,49.39,24800340,50.09,50.3,49.09
07/29/2021,50.19,21897010,50.35,50.57,49.8901
07/28/2021,49.71,19584640,49.39,50.12,48.94
07/27/2021,49.26,23444180,49.33,49.41,48.68
07/26/2021,49.72,23633100,48.64,49.92,48.55
07/23/2021,48.52,23475940,48.86,48.88,48.03
07/22/2021,48.7,23635030,49.2,49.2,48.28
07/21/2021,49.25,41021320,48.53,49.65,48.42
07/20/2021,47.59,41671020,46.98,48.09,46.58
07/19/2021,46.96,57497410,47.02,47.63,46.3
07/16/2021,48.68,37126900,50.48,50.5,48.585
07/15/2021,50.1,29835400,50.26,50.87,49.86
07/14/2021,50.81,33499700,52.53,53.14,50.61
07/13/2021,52.37,24893400,52.51,52.84,52.06
07/12/2021,52.77,20676530,52.25,53.085,51.88
07/09/2021,52.85,25603040,52.414,52.89,51.8
07/08/2021,51.75,24689880,51.13,52.235,50.95
07/07/2021,52.05,30411930,52.83,53.32,51.47
07/06/2021,52.91,34223120,54.51,54.61,52.69
07/02/2021,54.69,15235950,54.58,54.87,54.11
07/01/2021,54.81,23625830,55.1,55.27,54.3
06/30/2021,53.87,23517020,53.37,54.0284,53.32
06/29/2021,53.21,15955480,53.79,54.09,53.14
06/28/2021,53.47,32851450,55.1,55.13,53.25
06/25/2021,55.34,19164970,55.2,55.37,54.885
06/24/2021,55.05,20878400,54.83,55.09,54.3
06/23/2021,54.58,20276490,54.93,55.55,54.48
06/22/2021,54.43,24172170,53.94,54.64,53.35
06/21/2021,54.07,42183380,52.29,54.165,52.29
06/18/2021,52.39,56906120,52.86,53.53,52.35
06/17/2021,53.99,53470930,55.75,56.22,53.26
06/16/2021,55.89,30393170,56.1,56.545,55.4
06/15/2021,56.19,32142520,55.49,56.335,55.35
06/14/2021,55.14,18872550,55.58,55.92,54.6905
06/11/2021,55.38,19045750,55.77,56.08,55.31
06/10/2021,55.57,28676950,56.39,56.65,54.98
06/09/2021,55.64,28026120,56.15,56.39,55.61
06/08/2021,55.99,28776500,55.32,56.09,54.66
06/07/2021,55.51,20035190,55.74,56.08,55.43
06/04/2021,55.75,26329410,55.74,55.98,54.925
06/03/2021,55.38,29380830,55,55.69,54.65
06/02/2021,55.23,33946720,54.55,55.49,53.91
06/01/2021,54.22,36285150,53.24,54.3375,53.21
05/28/2021,52.21,18565490,52.4,52.47,51.93
05/27/2021,52.11,19526770,52.28,52.75,51.82
05/26/2021,52.07,19777240,51.66,52.255,51.42
05/25/2021,51.61,24279250,52.55,52.69,51.53
05/24/2021,52.68,24010190,52.52,52.8,51.9319
05/21/2021,52.16,25269890,52.57,52.935,52.12
05/20/2021,52.05,28261330,52.11,52.29,51.31
05/19/2021,52.13,43984820,52.21,52.72,51.4
05/18/2021,53.46,35217680,54.65,54.845,53.36
05/17/2021,54.73,33688820,53.3,54.75,53.22
05/14/2021,53.49,28591830,52.45,53.69,52.45
05/13/2021,51.88,39849070,51.89,52.85,51.18
05/12/2021,52.52,41097760,52.54,54.07,52.28
05/11/2021,52.27,56765910,52.53,53.2821,51.81
05/10/2021,53.65,34499000,54.3,55.14,53.61
05/07/2021,53.63,31598120,52.15,53.715,51.96
05/06/2021,52.69,29355230,52.41,52.69,51.435
05/05/2021,52.42,23462140,51.41,52.575,50.98
05/04/2021,50.78,26958760,50.85,51.23,50.2
05/03/2021,50.75,22870040,49.96,50.88,49.8
04/30/2021,49.39,29259480,49.95,50.64,49.28
04/29/2021,50.67,33021250,50.83,51.2899,50.05
04/28/2021,50.11,32936990,48.8,50.3,48.76
04/27/2021,48.44,21134440,48.04,48.61,47.82
04/26/2021,47.86,17945890,47.36,48.22,47.36
04/23/2021,47.54,16952370,47.15,47.75,46.87
04/22/2021,47.11,25031450,47.9,47.9157,46.9501
04/21/2021,47.67,28495530,46.47,47.84,46.25
04/20/2021,47.07,36286960,48.18,48.25,46.59
04/19/2021,48.35,20413940,48.5,48.855,47.875
04/16/2021,48.4,28594510,49.15,49.27,48.195
04/15/2021,48.79,24843120,49.25,49.25,48.59
04/14/2021,49.19,33383930,48.28,49.835,48.23
04/13/2021,47.86,22412670,47.73,48.12,47.38
04/12/2021,47.81,19598130,48.61,48.96,47.64
04/09/2021,48.19,22186740,48.5,48.92,47.97
04/08/2021,48.51,31883330,48.8,48.81,47.95
04/07/2021,49.15,24944350,49,49.4,48.82
04/06/2021,48.98,26628900,49.35,50.005,48.9
04/05/2021,49.11,26686140,50.21,50.22,48.82
04/01/2021,50.31,32519750,49.28,50.33,49.02
03/31/2021,49.06,24048700,49.3,49.52,48.865
03/30/2021,49.4,26696130,49.32,49.93,49.03
03/29/2021,49.83,23643070,50,50.26,49.22
03/26/2021,50.43,36174310,50.1,50.5,49.53
03/25/2021,49.21,40335130,48.21,49.35,47.43
03/24/2021,49.03,40815360,48.56,49.69,48.56
03/23/2021,47.83,51598110,47.56,48.9,47.26
03/22/2021,48.54,29780870,48.9,49.085,48.44
03/19/2021,49.53,40579250,49.5,50.35,48.86
03/18/2021,49.52,43603550,51.39,51.62,49.31
03/17/2021,51.85,32276130,51.3,52.1,50.86
03/16/2021,51.45,38643540,52.08,52.13,51.13
03/15/2021,52.96,30245850,53.45,53.6,52.32
03/12/2021,53.57,29893370,53.56,54.0493,53.165
03/11/2021,53.46,25398700,53.55,54.365,53.34
03/10/2021,53.44,39208270,52.2,53.62,51.95
03/09/2021,52.12,59444770,52.75,53.5115,51.7475
03/08/2021,53.05,50305050,53.47,53.75,52.28
03/05/2021,52.95,56197880,52.49,53.07,51.18
03/04/2021,51.04,53786920,50.3,51.96,49.83
03/03/2021,49.85,41287220,49.49,50.98,49.48
03/02/2021,49.13,37234090,49.58,49.98,49.1
03/01/2021,49.4,34695790,49.42,50.08,49.06
02/26/2021,48.15,45154410,48.66,48.8,46.73
02/25/2021,49.32,37943920,50.81,50.81,48.98
02/24/2021,50.29,38874440,48.89,50.58,48.48
02/23/2021,48.57,49185420,48.35,48.71,46.51
02/22/2021,47.78,37822250,46.49,48.465,46.41
02/19/2021,46.18,27202090,45.48,46.36,45.425
02/18/2021,45.42,30680060,46.27,46.36,45.275
02/17/2021,46.47,34535380,46.26,46.765,45.59
02/16/2021,45.79,38296700,45.7,46.32,45.465
02/12/2021,44.67,23700430,43.705,44.71,43.63
02/11/2021,44.02,24816340,44.57,44.58,43.085
02/10/2021,44.71,29225490,44.02,44.75,43.74
02/09/2021,43.87,32399360,43.99,44.13,43.285
02/08/2021,44.34,31184120,43.18,44.5481,43.14
02/05/2021,42.56,24098230,42.86,43,42.435
02/04/2021,42.2,24163900,42.05,42.21,41.305
02/03/2021,41.74,37192840,40.24,41.849,40.09
02/02/2021,40.03,31964510,40.55,40.99,40.025
02/01/2021,39.6,30510700,39.8,40,38.94
01/29/2021,39.32,31534480,40.1,40.62,39.175
01/28/2021,40.67,28624100,40.53,41.16,40.16
01/27/2021,40.2,49933610,40.08,41.32,39.51
01/26/2021,40.75,27499840,42.01,42.64,40.73
01/25/2021,41.64,40911640,41.61,41.77,40.88
01/22/2021,42.07,25222350,41.36,42.185,41.02
01/21/2021,42.29,29995050,43.53,43.75,41.895
01/20/2021,43.77,25362810,43.98,44.09,43.34
01/19/2021,43.61,27809740,43.27,43.91,43.13
01/15/2021,42.75,47748500,43.69,43.7,42.33
01/14/2021,44.48,41657300,43.47,45,43.43
01/13/2021,43.2,27382210,43.69,43.71,42.87
01/12/2021,43.54,43973640,42.58,43.77,42.26
01/11/2021,42.07,23451590,40.52,42.235,40.29
01/08/2021,41.42,31371970,42,42,41.09
01/07/2021,41.47,25728600,41.23,41.89,40.8
01/06/2021,40.87,43131370,40.44,41.25,39.92
01/05/2021,39.66,47736720,38.37,40.7,38.335
01/04/2021,37.96,33858830,38.34,38.66,37.51
12/31/2020,37.9,18154850,38.05,38.21,37.73
12/30/2020,38.22,28218310,37.66,38.575,37.57
12/29/2020,37.63,18984250,38.11,38.22,37.45
12/28/2020,37.88,18912280,38.26,38.74,37.7686
12/24/2020,38.12,11451450,38.37,38.37,37.74
12/23/2020,38.32,26965910,37.81,38.85,37.8
12/22/2020,37.49,25104200,38.05,38.18,37.45
12/21/2020,38.13,40079450,37.41,38.4646,37.015
12/18/2020,39.4,36570150,39.99,40.21,39.09
12/17/2020,40.07,23181690,40.62,40.63,39.83
12/16/2020,40.26,23814430,40.56,40.71,39.98
12/15/2020,40.46,29345760,39.9,40.66,39.525
12/14/2020,39.68,39942170,41.75,41.76,39.535
12/11/2020,41.12,28076100,41.32,41.33,40.54
12/10/2020,41.6,38802190,40.41,42.08,40.3
12/09/2020,40.36,43345890,40.68,41.34,39.87
12/08/2020,40.27,28927350,39.19,40.665,39.18
12/07/2020,39.68,34656600,40.15,40.24,39.3
12/04/2020,40.63,51850230,39.23,40.655,39.23
12/03/2020,38.53,36487670,38.3,39,37.91
12/02/2020,38.13,37741800,36.81,38.71,36.685
12/01/2020,36.93,34479470,37.78,37.99,36.865
11/30/2020,36.76,41543560,38.48,38.53,36.695
11/27/2020,38.91,18755360,39.15,39.47,38.6
11/25/2020,39.37,35676170,40.05,40.05,39.15
11/24/2020,40.31,53466030,39.63,40.4163,39.275
11/23/2020,38.34,38162340,36.37,38.39,36.33
11/20/2020,35.81,19753250,35.91,36.07,35.5617
11/19/2020,36,32936210,35.17,36.07,34.81
11/18/2020,35.42,41000180,36.79,36.93,35.42
11/17/2020,36.48,39010060,35.64,36.5,35.17
11/16/2020,36.11,47932660,35.32,36.19,34.885
11/13/2020,33.88,39440990,32.94,34.045,32.9
11/12/2020,32.69,38598610,33.19,33.66,32.34
11/11/2020,33.78,46542500,34.5,34.57,33.46
11/10/2020,34.13,73338100,33.68,34.13,32.98
11/09/2020,33.06,99356710,32.4,33.79,28.9169
11/06/2020,28.93,33223220,29.57,30.01,28.81
11/05/2020,29.57,31795760,29.61,30.16,29.51
11/04/2020,29.57,43613650,29.57,30.28,28.77
11/03/2020,29.53,34877450,30.2,30.22,29.26
11/02/2020,29.7,41893110,29.11,30.09,28.57
10/30/2020,28.72,37903720,28.36,28.74,28.03
10/29/2020,28.56,37252110,27.35,28.65,26.98
10/28/2020,27.71,40549090,28.21,28.3899,27.55
10/27/2020,28.92,21596760,29.27,29.28,28.85
10/26/2020,29.3,30400970,29.87,29.91,29.01
10/23/2020,30.39,24987730,30.7,30.88,30.01
10/22/2020,30.54,32827710,29.38,30.58,29.19
10/21/2020,29.33,24657630,29.73,29.895,29.32
10/20/2020,29.9,22993780,29.72,30.155,29.52
10/19/2020,29.55,25186050,30.3,30.45,29.52
10/16/2020,30.19,18711490,30.83,30.87,30.14
10/15/2020,30.89,20360580,30,30.9,29.73
10/14/2020,30.52,27245480,30.46,31.23,30.4
10/13/2020,30.39,25383770,30.87,31.05,30.3
10/12/2020,30.87,16684600,30.69,30.98,30.37
10/09/2020,30.79,25517940,31.57,31.65,30.735
10/08/2020,31.29,30563070,30.41,31.31,30.265
10/07/2020,30.16,21043020,29.91,30.24,29.565
10/06/2020,29.74,31111550,30.63,30.8,29.66
10/05/2020,30.19,31572230,29.57,30.21,29.495
10/02/2020,29.31,28705210,28.25,29.5599,28.2
10/01/2020,29.03,28365250,29.62,29.745,28.85
09/30/2020,29.95,24574490,30.23,30.58,29.81
09/29/2020,30.04,23801490,30.8,30.87,29.74
09/28/2020,30.89,26375970,30.725,31.23,30.685
09/25/2020,30.18,27558430,29.89,30.405,29.7
09/24/2020,30.2,35243780,30.1,30.75,29.54
09/23/2020,30.21,26484600,31.76,31.88,30.17
09/22/2020,31.64,22348720,31.99,32.5,31.58
09/21/2020,31.97,30719580,32.26,32.34,31.43
09/18/2020,33.61,26406370,33.97,33.995,33.265
09/17/2020,33.99,22356740,33.4,34.02,33.07
09/16/2020,33.94,35899020,32.92,34.38,32.64
09/15/2020,32.63,25610440,33.09,33.39,32.535
09/14/2020,32.87,19444210,32.71,33.17,32.48
09/11/2020,32.62,25397270,32.66,32.83,32.35
09/10/2020,32.59,37003340,33.93,33.97,32.53
09/09/2020,33.83,24977620,33.98,34.17,33.7101
09/08/2020,33.6,49218850,34.21,34.37,33.22
09/04/2020,34.87,34341020,35.34,35.58,34.44
09/03/2020,34.98,39442320,35.17,35.9,34.77
09/02/2020,35.24,23850470,35.4,35.61,35.02
09/01/2020,35.41,18260950,35.49,35.57,34.97
08/31/2020,35.65,18791540,36.49,36.54,35.65
08/28/2020,36.44,14575050,35.94,36.55,35.76
08/27/2020,35.8,22259650,35.74,36.04,35.36
08/26/2020,35.73,18001220,36.45,36.45,35.68
08/25/2020,36.5,20118550,37.22,37.27,36.32
08/24/2020,37.02,24826990,36.25,37.28,36.035
08/21/2020,36.03,17347790,36.12,36.1901,35.69
08/20/2020,36.26,19107690,36.51,36.75,36.25
08/19/2020,37.06,14793940,37.46,37.63,36.94
08/18/2020,37.49,14348770,37.83,38.1959,37.375
08/17/2020,37.97,14255820,38.2,38.2197,37.76
08/14/2020,38.19,13279660,37.53,38.25,37.39
08/13/2020,37.83,15761050,38.27,38.59,37.74
08/12/2020,38.58,25533870,38.78,39.03,38.17
08/11/2020,38.2,26513140,39.08,39.53,38.02
08/10/2020,38.33,26308070,37.46,38.345,37.37
08/07/2020,37.18,18376580,36.8,37.27,36.37
08/06/2020,37.13,19190740,37.22,37.555,36.99
08/05/2020,37.43,30763500,37.77,37.9,37.085
08/04/2020,37.04,22572130,36.04,37.12,36.0058
08/03/2020,36.16,21105540,36.02,36.36,35.72
07/31/2020,36.03,24774420,35.65,36.07,35.295
07/30/2020,36.2,32833720,36.89,36.91,35.875
07/29/2020,37.68,17215020,37.01,37.71,36.76
07/28/2020,36.91,17776890,37.33,37.685,36.81
07/27/2020,37.55,18230990,37.46,37.72,36.99
07/24/2020,37.51,19950570,37.72,38.28,37.365
07/23/2020,37.72,21043890,37.66,37.91,37.24
07/22/2020,37.79,19621690,37.85,37.85,37.24
07/21/2020,38.26,36188840,36.7,38.55,36.65
07/20/2020,36.08,20076520,36.56,36.98,36.05
07/17/2020,36.69,17716900,37.33,37.74,36.53
07/16/2020,37.21,18822760,37.13,37.685,36.66
07/15/2020,37.38,25902530,37.52,37.62,36.83
07/14/2020,36.59,34221120,35.11,36.66,35.01
07/13/2020,35.35,37223780,35.87,36.01,35.08
07/10/2020,35.54,25227970,34.24,35.58,34.24
07/09/2020,34.44,30543580,36.07,36.17,34.4
07/08/2020,36.23,20650860,36.26,36.82,35.93
07/07/2020,36.26,20910910,36.98,37.03,36.2
07/06/2020,37.45,22542170,38,38.27,36.98
07/02/2020,37.34,20779170,37.69,38.21,37.2572
07/01/2020,36.93,24573420,38,38.51,36.88
06/30/2020,37.85,20943440,36.7,38.07,36.315
06/29/2020,37,19452820,36.6,37.32,36.435
06/26/2020,36.51,33861100,37.55,37.55,36.335
06/25/2020,37.82,24017220,36.76,37.955,36.57
06/24/2020,37.11,32362970,38.68,38.69,36.86
06/23/2020,39.29,14805830,39.84,39.94,39.165
06/22/2020,39.25,19448200,38.88,39.38,38.42
06/19/2020,39.57,26967090,41.43,41.44,39.53
06/18/2020,40.18,18468930,39.29,40.615,39.05
06/17/2020,39.69,23368030,40.93,40.94,39.68
06/16/2020,41.09,32046700,41.84,41.9,39.92
06/15/2020,39.94,32852800,38.12,40.35,37.7
06/12/2020,39.82,42817530,40.55,40.84,38.74
06/11/2020,38.84,48152240,39.89,41.043,38.71
06/10/2020,42.88,40488450,44.68,44.72,42.86
06/09/2020,45.1,43699500,45.36,45.49,44.475
06/08/2020,46.86,47534710,46.47,46.88,45.43
06/05/2020,44.84,50196700,43.83,45.245,43.79
06/04/2020,41.74,27424720,41.5,41.9,40.9
06/03/2020,41.73,27300870,41.18,41.92,41.1
06/02/2020,40.54,25159230,39.87,40.58,39.82
06/01/2020,39.44,23869770,38.7,39.655,38.18
05/29/2020,38.76,35754830,38.6,39.05,37.95
05/28/2020,38.94,27179410,40.16,40.16,38.75
05/27/2020,40.06,35612830,40.13,40.36,38.94
05/26/2020,39.55,37444280,39.71,39.96,39.445
05/22/2020,38.48,19247500,38.41,38.52,37.69
05/21/2020,38.72,28120870,39.47,39.625,38.41
05/20/2020,39.35,27260650,38.62,39.42,38.418
05/19/2020,37.84,26970320,38.98,39.1,37.81
05/18/2020,38.93,36597400,38.05,39.18,37.95
05/15/2020,35.99,27213860,36.14,36.89,35.67
05/14/2020,36.13,30984190,35.1,36.4696,34.3
05/13/2020,35.73,34497440,37.18,37.23,35.4695
05/12/2020,37.43,28064490,38.48,38.53,37.38
05/11/2020,38.1,23265660,38.52,38.63,37.9201
05/08/2020,38.78,24840580,37.96,38.8,37.74
05/07/2020,37.09,24240500,37.17,37.7934,36.83
05/06/2020,36.15,23675050,37.3,37.62,36.12
05/05/2020,37.12,34366720,38.61,38.92,36.99
05/04/2020,37.09,26390230,35.19,37.12,35.02
05/01/2020,35.85,29265930,37.22,37.5,35.41
04/30/2020,38,42020060,39.08,39.08,37.44
04/29/2020,38.86,35537490,37.37,38.99,37.34
04/28/2020,36.18,29569010,35.9,36.4,35.32
04/27/2020,35.37,23288040,34.36,35.62,33.5758
04/24/2020,34.62,32441520,35.23,35.54,34.07
04/23/2020,34.54,41603650,34.48,35.345,34.14
04/22/2020,33.46,36894140,33.77,33.99,33.01
04/21/2020,32.31,60430760,31.94,32.895,31.39
04/20/2020,32.89,56394970,31.95,34.1,31.78
04/17/2020,33.95,45853440,31.33,33.99,31.31
04/16/2020,30.69,32302900,31.98,32.08,30.645
04/15/2020,32.06,36710540,32.3,32.38,31.06
04/14/2020,33.64,36324070,33.97,34.38,33.42
04/13/2020,33.8,33842840,35.09,35.22,33.26
04/09/2020,33.91,91381540,35.54,36.46,32.6245
04/08/2020,34.22,41905810,32.76,34.33,32.49
04/07/2020,32.08,51509500,32.96,33.87,32.02
04/06/2020,31.41,38020720,30.5,31.62,30.09
04/03/2020,29.83,63834330,31.1,31.31,28.975
04/02/2020,30.15,73128150,29.01,31.76,28.26
04/01/2020,27.62,23826460,28.12,28.48,27.2303
03/31/2020,29.06,34350610,29.42,30,28.48
03/30/2020,28.62,42127400,27.95,28.87,27.09
03/27/2020,28.33,36528420,29.12,29.21,28.16
03/26/2020,30.39,46918070,28.93,31,28.57
03/25/2020,28.64,52434900,27.95,30,26.74
03/24/2020,27.35,44511080,25.4,27.49,25.4
03/23/2020,23.57,48260210,25.13,25.29,23.15
03/20/2020,25.86,58357230,26.26,26.835,24.76
03/19/2020,25.61,52226460,24.33,25.71,22.9801
03/18/2020,23.98,52135810,26.04,26.58,22.88
03/17/2020,28,45443560,28.08,29.18,26.95
03/16/2020,27.81,40233590,27.95,31.115,27.67
03/13/2020,32.19,34098420,31.96,32.22,28.8
03/12/2020,29.47,38829070,31.19,32,29.38
03/11/2020,33.67,43492870,34.45,35.05,33.13
03/10/2020,35.55,48431140,36.67,36.82,33.36
03/09/2020,33.94,66556950,35.07,36.43,33.73
03/06/2020,42.5,61517410,43.5,43.89,41.86
03/05/2020,45.03,29387320,45.4,45.61,44.275
03/04/2020,46.74,24484540,46.64,46.75,45.67
03/03/2020,45.66,48595310,47.37,47.99,45.15
03/02/2020,47.1,36642670,46.28,47.16,44.93
02/28/2020,45.27,68764320,43.88,45.84,43.515
02/27/2020,45.31,61278730,46.63,47.525,45.29
02/26/2020,47.87,48828310,49.54,49.78,47.85
02/25/2020,49.36,42837330,51.78,51.82,49.04
02/24/2020,51.64,33037500,52.1,52.4,51.48
02/21/2020,54.14,13808210,54.27,54.32,53.69
02/20/2020,54.79,13050830,54.99,55.4,54.65
02/19/2020,54.85,12455430,54.49,55.07,54.1922
02/18/2020,54.13,16314910,54.1,54.5707,53.625
02/14/2020,54.58,12520110,55.06,55.1,54.24
02/13/2020,54.87,11974890,54.89,55.1801,54.55
02/12/2020,55.04,17199810,55.12,55.35,54.59
02/11/2020,54.31,13844590,54.44,54.52,54.065
02/10/2020,53.71,14640590,53.7,53.83,53.38
02/07/2020,53.98,13693690,53.95,54.21,53.7001
02/06/2020,54.36,15400630,55.18,55.18,54.27
02/05/2020,54.92,34381970,53.81,55.11,53.78
02/04/2020,52.93,19819840,53.5,53.92,52.83
02/03/2020,52.74,21290430,53.37,53.45,52.55
01/31/2020,53.44,33430530,54.23,54.38,53.16
01/30/2020,55.16,24430550,54.15,55.215,54.01
01/29/2020,54.72,13748950,55.61,55.81,54.65
01/28/2020,55.3,14300070,55.36,55.64,55.08
01/27/2020,55.05,21682540,55.48,55.7,54.98
01/24/2020,56.62,20390560,57.02,57.2789,56.18
01/23/2020,57.28,13278010,56.9,57.455,56.46
01/22/2020,57.5,14677720,57.95,57.9887,57.34
01/21/2020,58.06,17354560,58.79,58.8,57.96
01/17/2020,59.12,11909120,59.66,59.69,59.015
01/16/2020,59.5,8224487,59.75,59.95,59.465
01/15/2020,59.4,10830800,59.58,59.76,59.225
01/14/2020,59.84,17339870,59.7,59.91,59.31
01/13/2020,59.83,8779691,59.72,60.015,59.41
01/10/2020,59.81,9151352,60.12,60.17,59.74
01/09/2020,60.15,15367600,59.68,60.205,58.98
01/08/2020,59.71,19038080,60.65,60.72,59.63
01/07/2020,60.71,11493390,60.7,60.77,60
01/06/2020,60.87,22460710,60.61,61.18,60.4
01/03/2020,60.4,29515620,61.13,61.31,60.1
01/02/2020,60.58,11946970,60.44,60.67,60.23
12/31/2019,60.04,10729020,59.4,60.1,59.23
12/30/2019,59.7,14632970,60.12,60.23,59.61
12/27/2019,61.68,10718840,62.17,62.23,61.64
12/26/2019,61.94,10157170,62.23,62.44,61.86
12/24/2019,61.96,5037439,62.13,62.22,61.845
12/23/2019,61.99,13474590,61.29,62.03,61.215
12/20/2019,61.36,17420050,60.96,61.425,60.85
12/19/2019,61.37,12770100,61.4,61.5699,61.26
12/18/2019,61.39,12942050,61.09,61.775,61.01
12/17/2019,61.16,23154720,61.38,61.71,60.93
12/16/2019,61.12,11136820,60.74,61.36,60.71
12/13/2019,60.31,11372450,60.98,61.37,60.27
12/12/2019,60.77,22492370,59.76,60.975,59.69
12/11/2019,59.67,12436340,59.68,60.08,59.55
12/10/2019,59.77,8786138,59.85,59.99,59.51
12/09/2019,59.65,8839059,59.26,59.93,59.26
12/06/2019,59.72,16729650,58.85,59.8952,58.84
12/05/2019,58.6,10894160,59.13,59.2,58.4
12/04/2019,58.88,17430420,58.52,59.06,58.33
12/03/2019,58.01,17128310,58.37,58.47,57.8
12/02/2019,58.89,15390990,59.09,59.47,58.82
11/29/2019,58.89,7830226,59,59.21,58.672
11/27/2019,59.49,9668274,59.41,59.61,59
11/26/2019,59.34,13403160,59.97,59.99,59.12
11/25/2019,59.89,12338160,59.76,59.99,59.53
11/22/2019,59.83,11491980,60.08,60.37,59.71
11/21/2019,60.03,15641680,59.26,60.08,59.065
11/20/2019,59.06,17147130,58.45,59.49,58.09
11/19/2019,58.47,15380360,59.16,59.21,58.4
11/18/2019,59.35,12754810,59.7,59.7673,59.1
11/15/2019,60.08,9183463,59.87,60.31,59.8
11/14/2019,59.62,8116977,59.76,60.09,59.34
11/13/2019,59.78,10793950,59.73,59.985,59.53
11/12/2019,60.04,12541250,60.53,60.86,59.73
11/11/2019,60.35,14480470,60.12,60.63,59.89
11/08/2019,60.69,10389850,60.57,60.77,60
11/07/2019,60.94,13241710,60.65,61.13,60.49
11/06/2019,60.04,17827900,61.2,61.33,59.87
11/05/2019,61.29,17555060,61.38,61.83,61.09
11/04/2019,61.21,21530210,59.96,61.39,59.95
11/01/2019,59.28,13310100,58.25,59.385,58.2
10/31/2019,57.96,15032440,57.97,58.06,57.39
10/30/2019,58.21,15506690,59.56,59.59,57.98
10/29/2019,59.42,13468420,58.96,59.92,58.76
10/28/2019,59.18,11756550,59.72,60.059,59.08
10/25/2019,59.52,11874980,59.06,59.69,58.98
10/24/2019,59.04,13205550,59.63,59.67,58.73
10/23/2019,59.29,12213620,58.7,59.41,58.45
10/22/2019,58.8,21108490,58.23,59.47,58.0533
10/21/2019,58.05,10503490,57.14,58.1,57.07
10/18/2019,57.03,10278160,57.18,57.64,57.02
10/17/2019,57.33,12289360,57.53,57.71,57.15
10/16/2019,57.29,12005530,57.9,58.31,57.27
10/15/2019,58.1,11267330,57.74,58.68,57.67
10/14/2019,57.86,12166830,57.47,58.065,57.25
10/11/2019,57.89,24195750,57.71,58.425,57.61
10/10/2019,57.12,10375030,56.6,57.27,56.51
10/09/2019,56.41,8934940,56.4,56.72,56.3
10/08/2019,55.9,20802270,56.29,56.73,55.82
10/07/2019,56.87,12304400,57.47,57.69,56.84
10/04/2019,57.38,11061470,57.26,57.455,56.68
10/03/2019,57.02,21186890,56.1,57.08,55.6436
10/02/2019,56.41,19280670,57.49,57.63,56.245
10/01/2019,57.83,16468130,59.4,59.62,57.82
09/30/2019,59.2,19819470,59.35,59.59,59.14
09/27/2019,59.63,15632630,59.31,60.085,59.2
09/26/2019,59.64,14088340,60.16,60.3,59.335
09/25/2019,60.43,10143270,60.05,60.5,59.9104
09/24/2019,60.33,20574890,61.11,61.17,59.965
09/23/2019,61.3,9337060,60.87,61.459,60.8
09/20/2019,61.28,20164620,61.27,61.515,60.98
09/19/2019,61.79,14029440,62.32,62.46,61.6
09/18/2019,61.95,11617590,61.8,62.2041,61.52
09/17/2019,62.25,26473180,63.17,63.19,61.83
09/16/2019,63.13,30677810,63.64,63.65,62.401
09/13/2019,61.08,14061580,61,61.4,60.74
09/12/2019,60.6,19059520,60.21,61.0445,59.71
09/11/2019,60.98,22752020,61.26,61.74,60.65
09/10/2019,60.92,25718030,60.58,61.8,60.46
09/09/2019,60.21,24757230,59.51,60.35,59.39
09/06/2019,59.03,12234330,58.6,59.1,58.27
09/05/2019,58.72,14538520,58.51,59.365,58.42
09/04/2019,58,11191120,58,58.25,57.83
09/03/2019,57.2,13964800,56.55,57.32,56.38
08/30/2019,57.48,13022340,57.7,58.2,57.14
08/29/2019,57.48,12332310,57.09,57.72,57.03
08/28/2019,56.65,15696540,56.14,56.9295,55.8552
08/27/2019,55.85,11833740,56.5,56.73,55.55
08/26/2019,56.2,10806580,56.45,56.75,55.96
08/23/2019,55.96,24409140,57.21,57.75,55.635
08/22/2019,57.9,9353521,58.36,58.59,57.87
08/21/2019,58.16,12037400,58.39,58.49,57.945
08/20/2019,57.79,9521878,58,58.07,57.57
08/19/2019,58.28,13881870,57.82,58.49,57.71
08/16/2019,57.02,21450310,56.58,57.19,56.39
08/15/2019,56.28,14306090,56.33,56.6,55.67
08/14/2019,56.63,23649730,57.68,57.82,56.54
08/13/2019,58.94,14397730,58.14,59.4908,57.83
08/12/2019,58.35,21918840,58.96,59.05,58.135
08/09/2019,59.1,14593220,59.81,59.94,58.85
08/08/2019,59.76,23267840,58.48,59.79,58.21
08/07/2019,58.09,24802190,57.46,58.37,57.16
08/06/2019,58.53,16997510,58.75,59.09,57.9
08/05/2019,58.6,27576890,59.28,59.44,58.18
08/02/2019,60.4,21699930,61.53,61.89,59.78
08/01/2019,61.28,25190600,62.01,62.3,60.885
07/31/2019,62.7,15278040,62.9,63.435,62.18
07/30/2019,62.9,10801350,61.95,63.05,61.825
07/29/2019,62.2,8284938,62.4,62.45,61.74
07/26/2019,62.45,9653823,62.77,62.78,62.1801
07/25/2019,62.77,10070350,63.73,63.81,62.58
07/24/2019,63.49,9907734,63.14,63.9,63.07
07/23/2019,63.22,7268818,63.05,63.39,62.86
07/22/2019,63.05,7844184,63,63.26,62.55
07/19/2019,62.76,9965289,62.53,62.965,62.24
07/18/2019,62.47,12755570,62.16,62.47,61.795
07/17/2019,62.46,13664660,63.13,63.33,62.42
07/16/2019,63.18,10587050,63.73,63.84,62.925
07/15/2019,63.86,9538946,64.55,64.59,63.72
07/12/2019,64.44,8081374,64.21,64.66,64.21
07/11/2019,64.17,12681340,64.23,64.24,63.77
07/10/2019,64.04,11767380,63.63,64.26,63.2093
07/09/2019,63.23,7488131,63.08,63.27,62.66
07/08/2019,63.18,8628482,62.99,63.53,62.81
07/05/2019,63.09,7363356,62.77,63.15,62.63
07/03/2019,63,6987346,62.84,63.05,62.46
07/02/2019,62.75,12100520,63.58,63.71,62.47
07/01/2019,63.77,14913860,64.5,64.71,63.61
06/28/2019,63.71,17369740,63.13,63.77,63.13
06/27/2019,62.98,10609000,63.45,63.64,62.85
06/26/2019,63.45,14326780,63.12,63.93,62.96
06/25/2019,62.49,11887330,62.95,63.01,62.415
06/24/2019,62.99,10396670,63.54,63.72,62.89
06/21/2019,63.56,16356330,63.2,63.785,63.2
06/20/2019,63.68,25953970,63.3,63.78,63.23
06/19/2019,62.3,8827665,62.28,62.66,61.97
06/18/2019,62.37,17222140,61.92,62.74,61.81
06/17/2019,61.52,8795248,60.88,61.69,60.69
06/14/2019,61.01,7916416,61.56,61.57,60.8645
06/13/2019,61.41,12191940,61.4,61.69,60.6838
06/12/2019,60.7,13816450,61.17,61.31,60.505
06/11/2019,61.57,9522629,61.99,62.19,61.55
06/10/2019,61.45,9837825,61.6,62,61.36
06/07/2019,61.27,15774070,61.18,61.655,61.03
06/06/2019,60.99,32393920,60,61.22,60
06/05/2019,59.88,15882050,60.67,60.69,59.52
06/04/2019,60.55,14743430,60.08,60.69,59.92
06/03/2019,59.52,18024660,59.17,59.81,59.08
05/31/2019,58.77,21898540,59,59.54,58.77
05/30/2019,59.82,15173860,60.49,60.6,59.63
05/29/2019,60.59,16951590,60.14,60.625,59.78
05/28/2019,60.98,12930640,61.66,61.77,60.89
05/24/2019,61.62,10153380,61.88,62.12,61.085
05/23/2019,61.39,23963610,62.46,62.51,61.02
05/22/2019,63.52,9637121,64.13,64.28,63.31
05/21/2019,64.52,18380450,64.05,64.7,63.97
05/20/2019,63.78,8186324,63.76,64.08,63.65
05/17/2019,63.75,10555800,63.97,64.32,63.67
05/16/2019,64.4,9376619,64.21,64.64,64.21
05/15/2019,64.05,10092340,63.36,64.19,63.19
05/14/2019,63.72,9241956,63.29,64.255,63.23
05/13/2019,62.95,14070020,63.47,63.775,62.65
05/10/2019,64.05,13074950,63.75,64.21,62.85
05/09/2019,63.75,14409540,63.45,63.99,62.9132
05/08/2019,63.75,9823707,63.72,64.28,63.58
05/07/2019,63.75,15064720,63.55,63.8,62.935
05/06/2019,64.31,20344660,63.76,64.515,63.7
05/03/2019,64.25,19624560,64.26,64.755,64.11
05/02/2019,63.66,28033010,64.38,64.77,63.63
05/01/2019,64.79,22155990,66.13,66.33,64.74
04/30/2019,66.11,14325540,66.8,66.845,66.03
04/29/2019,66.16,12973290,66.24,66.515,66.03
04/26/2019,66.22,16836880,66.6,66.62,65.64
04/25/2019,67.09,12060900,67.29,67.64,66.94
04/24/2019,67.3,11017640,68.56,68.6,67.27
04/23/2019,68.5,10211630,68.66,68.81,68.0536
04/22/2019,68.61,14163690,67.81,68.655,67.62
04/18/2019,67.19,9758261,67.7,67.79,67.02
04/17/2019,67.51,10931640,68.01,68.16,67.415
04/16/2019,67.6,8130230,67.4,67.7,67.155
04/15/2019,67.16,8300681,67.48,67.64,67.05
04/12/2019,67.56,15422520,68.35,68.4,67.39
04/11/2019,67.38,10908570,67.27,67.845,66.855
04/10/2019,67.33,9375599,67.23,67.64,67.15
04/09/2019,67.08,14537390,67.71,67.71,66.87
04/08/2019,67.91,10600600,67.71,68.25,67.63
04/05/2019,67.61,17265400,66.62,67.685,66.59
04/04/2019,66.44,10504340,65.93,66.49,65.61
04/03/2019,65.89,11989290,66.72,66.85,65.655
04/02/2019,66.53,11146560,67.16,67.215,66.37
04/01/2019,66.99,12408950,66.56,67.13,66.47
03/29/2019,66.12,10031880,66.86,67.02,65.9
03/28/2019,66.22,9149159,65.69,66.3,65.56
03/27/2019,65.97,9582647,66.39,66.69,65.465
03/26/2019,66.44,11514650,66.26,66.89,66.08
03/25/2019,65.5,12346280,65.19,65.61,64.87
03/22/2019,65.47,19974830,66.68,66.79,65.22
03/21/2019,67.29,17877900,66.62,67.4,66.48
03/20/2019,66.82,13659950,66.18,67.419,65.98
03/19/2019,66.24,12103700,66.75,67.09,65.97
03/18/2019,66.42,10067140,65.59,66.53,65.56
03/15/2019,65.51,12427360,65.48,65.71,65.26
03/14/2019,66.05,12313170,66.04,66.38,65.965
03/13/2019,65.98,13205720,65.73,66.01,65.46
03/12/2019,65.32,11012430,65.01,65.65,64.99
03/11/2019,64.9,13208220,64.37,65.05,64.31
03/08/2019,63.9,15618690,64.07,64.2,63.305
03/07/2019,65.12,23445080,65.55,65.6,64.86
03/06/2019,65.51,22690500,65.81,65.95,65.18
03/05/2019,66.35,15800650,66.66,66.69,65.88
03/04/2019,66.57,19779950,66.69,66.85,65.57
03/01/2019,66.45,20325810,65.6,66.46,65.6
02/28/2019,65.25,11249410,65.92,66.01,64.84
02/27/2019,65.91,10294010,65.98,66.59,65.6
02/26/2019,65.66,10550680,65.81,66.26,65.64
02/25/2019,65.87,15904460,65.55,66.09,65.49
02/22/2019,65.76,9947717,66.06,66.26,65.43
02/21/2019,65.57,11865050,66.39,66.56,65.33
02/20/2019,66.6,9934978,66.22,66.93,66.21
02/19/2019,66.32,8718573,65.79,66.57,65.695
02/15/2019,66.12,10183140,65.75,66.17,65.6
02/14/2019,65.07,10213220,64.61,65.5599,64.49
02/13/2019,64.84,13058500,64.3,65.35,64.23
02/12/2019,64.04,10675990,64.09,64.405,63.2996
02/11/2019,63.24,12492930,62.64,63.34,62.46
02/08/2019,62.94,10634220,63.06,63.21,61.87
02/07/2019,63.23,14600050,64.26,64.48,62.64
02/06/2019,64.66,6803759,64.83,65.01,64.6
02/05/2019,65.14,7850990,64.99,65.25,64.78
02/04/2019,65.04,9806867,64.45,65.06,63.97
02/01/2019,64.89,14769500,64.47,65.27,64.26
01/31/2019,63.78,17842070,63.47,64.075,63.3
01/30/2019,63.37,12116540,62.88,63.57,62.54
01/29/2019,62.49,11884110,62.66,62.91,62.44
01/28/2019,62.3,12022410,62.1,62.33,61.62
01/25/2019,62.93,10229890,62.67,63.3222,62.5715
01/24/2019,62.14,13049180,61.68,62.7,61.43
01/23/2019,61.81,21168680,62.67,62.75,61.3
01/22/2019,62.45,19861370,63.14,63.28,62.28
01/18/2019,63.84,14173150,63.31,63.89,62.94
01/17/2019,62.57,10174760,61.53,62.84,61.39
01/16/2019,62,12540180,62.01,62.51,61.79
01/15/2019,62.08,9820967,62.2,62.67,61.77
01/14/2019,61.86,13168410,61.42,62.11,61.33
01/11/2019,62.01,14105490,62.06,62.4084,61.46
01/10/2019,62.38,19145530,61.73,62.46,61.38
01/09/2019,62.2,18755210,62.05,62.41,61.41
01/08/2019,61.23,18691380,61.61,61.75,60.9
01/07/2019,60.76,18056380,60.32,61.1998,59.52
01/04/2019,59.87,21349400,58.9,60.05,58.56
01/03/2019,57.9,18023090,58.65,58.86,57.24
01/02/2019,58.48,24883830,56.44,58.87,56.1511
12/31/2018,57.35,18705180,57.56,57.77,56.6799
12/28/2018,57.05,19436820,57.75,58.01,56.7001
12/27/2018,57.49,24370970,56.04,57.56,55.28
12/26/2018,57.19,29093500,54.36,57.2,53.36
12/24/2018,53.84,15605920,55.45,55.72,53.79
12/21/2018,56.11,37393730,56.67,57.61,55.64
12/20/2018,57.19,38503350,58.1,58.99,56.84
12/19/2018,58.82,45547260,59.83,60.96,58.33
12/18/2018,59.52,26606930,60.85,61.0661,59.191
12/17/2018,60.96,20730750,61.93,62.45,60.52
12/14/2018,62.09,22893620,63.15,63.41,61.79
12/13/2018,63.54,15298250,63.19,63.94,62.91
12/12/2018,63.34,19264470,64.12,64.55,63.3
12/11/2018,63.09,17226010,64.04,64.16,62.43
12/10/2018,63.07,23382240,63.62,63.93,61.62
12/07/2018,64.07,27437110,65.66,66.63,63.96
12/06/2018,64.43,35345570,64.2,64.53,63.07
12/04/2018,65.64,18296310,67.61,67.83,65.52
12/03/2018,67.58,21741040,67.62,67.99,66.79
11/30/2018,66.11,18129020,65.65,66.3,65.32
11/29/2018,66.23,14413090,65.85,66.76,65.755
11/28/2018,65.8,21145120,64.63,65.85,64.22
11/27/2018,64.69,22264250,64.54,65.16,64.32
11/26/2018,64.87,16386110,64.38,65.3,64.37
11/23/2018,63.91,14421770,64.34,64.57,63.44
11/21/2018,65.98,17330020,65.47,66.68,65.32
11/20/2018,64.96,26322430,66.28,66.44,64.46
11/19/2018,67.16,15582150,66.77,67.43,66.56
11/16/2018,67.18,19721400,66.8,67.405,66.47
11/15/2018,66.39,15672660,65.01,66.475,64.43
11/14/2018,65.43,22535890,66.56,66.81,64.83
11/13/2018,65.54,32728500,66.89,67.25,65.19
11/12/2018,67.08,18040170,68.97,69.26,66.94
11/09/2018,68.5,22917760,67.71,68.94,67.34
11/08/2018,68.62,15144210,69.82,70.37,68.3679
11/07/2018,70.14,16662860,69.9,70.36,69.1
11/06/2018,69.01,13068050,68.86,69.16,68.19
11/05/2018,68.69,13219640,68.38,68.96,68.225
11/02/2018,67.56,21203560,68.48,68.98,66.88
11/01/2018,67.73,21469210,67.3,68.05,66.61
10/31/2018,67.16,17286300,67.4,68.29,67.07
10/30/2018,66.75,26388540,65.2,66.91,64.9
10/29/2018,65.24,24306060,66.97,67.06,64.37
10/26/2018,66.48,25578940,66.43,67.3,65.38
10/25/2018,66.98,25333070,66.98,67.67,66.53
10/24/2018,66.17,28097950,69.22,69.24,66.15
10/23/2018,68.89,26472890,69.7,69.72,67.91
10/22/2018,70.74,12279120,71.48,71.63,70.31
10/19/2018,71.53,13558140,71.81,72.58,71.48
10/18/2018,72.17,16586220,71.86,72.84,71.71
10/17/2018,72.53,15804240,72.85,73.07,71.905
10/16/2018,72.99,14570090,72.59,73.12,72.2903
10/15/2018,72.39,11568890,72.99,73.29,72.37
10/12/2018,73,23519630,73.52,73.74,71.89
10/11/2018,72.8,35564730,74.62,74.67,72.25
10/10/2018,75.35,26375680,77.92,78.046,75
10/09/2018,77.79,16816610,77.37,78.36,77.04
10/08/2018,77.1,11578580,76.59,77.22,76.29
10/05/2018,77.16,11983080,77.09,77.4095,76.685
10/04/2018,77.17,15191230,77.24,77.71,76.7199
10/03/2018,77.49,13196070,77.2,77.72,76.98
10/02/2018,76.87,9468057,76.98,77.13,76.34
10/01/2018,76.79,12712510,76.02,77.11,76.02
09/28/2018,75.74,14833060,75.59,76.54,75.55
09/27/2018,75.95,10670150,76.25,76.35,75.745
09/26/2018,75.95,12728560,76.22,76.62,75.815
09/25/2018,76.69,12903000,76.68,77.0133,76.58
09/24/2018,76.2,12659600,75.76,76.53,75.7
09/21/2018,75.1,13701950,75.01,75.35,74.5
09/20/2018,75.12,12506680,75.42,75.71,75.03
09/19/2018,75.1,10911500,74.89,75.41,74.82
09/18/2018,74.87,10222420,74.91,75.375,74.855
09/17/2018,74.38,14727500,74.45,74.88,74.2026
09/14/2018,74.26,9494176,73.88,74.54,73.85
09/13/2018,73.87,11037400,73.72,74.01,73.23
09/12/2018,73.84,12689390,74.06,74.57,73.82
09/11/2018,73.46,14275310,72.7,73.88,72.5
09/10/2018,72.77,8900951,73.17,73.47,72.745
09/07/2018,72.8,10131120,72.54,72.93,71.78
09/06/2018,72.81,14405940,73.9,74.15,72.6149
09/05/2018,74.18,9598033,73.94,74.22,73.19
09/04/2018,74.28,15094190,74.78,74.84,73.98
08/31/2018,74.44,8909559,74.79,74.81,74.13
08/30/2018,75.02,9250223,75.2,75.35,74.625
08/29/2018,75.23,7760373,75.01,75.54,74.78
08/28/2018,74.77,8393469,75.23,75.54,74.72
08/27/2018,75.09,6976057,74.79,75.185,74.68
08/24/2018,74.54,7751784,74.46,74.98,74.39
08/23/2018,74,6468894,74,74.13,73.72
08/22/2018,74.35,9344801,73.93,74.585,73.88
08/21/2018,73.47,9442908,73.71,74.06,73.3899
08/20/2018,73.1,8345742,72.63,73.355,72.6
08/17/2018,72.61,11531300,72.62,72.8,72.345
08/16/2018,72.43,25012550,72.26,72.84,72.22
08/15/2018,71.91,26377750,73.8,73.92,71.7
08/14/2018,74.51,10436870,74.9,75.01,74.201
08/13/2018,74.33,9810805,75.15,75.41,74.29
08/10/2018,75.29,16975180,74.66,75.29,74.51
08/09/2018,74.83,15226300,75.59,75.73,74.71
08/08/2018,75.53,9398755,75.55,75.81,75.075
08/07/2018,76.08,11798290,76.29,76.5,75.84
08/06/2018,75.52,8199093,75.46,75.88,75.01
08/03/2018,75.24,7663175,75.49,75.625,74.86
08/02/2018,75.63,9689713,75.49,75.775,75
08/01/2018,76.05,11172520,76.45,76.48,75.64
07/31/2018,77.12,11290440,77.4,77.61,76.9442
07/30/2018,77.26,11389760,77.24,77.56,76.98
07/27/2018,76.63,12640660,76.1,77.03,76
07/26/2018,76.96,12186880,76.29,77.095,76.14
07/25/2018,76.13,11030380,75.6,76.315,75.23
07/24/2018,75.5,10162700,74.89,75.94,74.7901
07/23/2018,74.56,7623099,75.1,75.15,74.425
07/20/2018,74.89,10858320,75.15,75.32,74.65
07/19/2018,75.15,16058520,74.93,75.47,74.85
07/18/2018,75.13,15223090,74.72,75.24,73.98
07/17/2018,75.08,9753183,75.13,75.5,74.66
07/16/2018,75.38,11388220,75.51,75.88,74.735
07/13/2018,76.26,11422990,75.93,76.72,75.73
07/12/2018,75.86,12566780,75.93,76.35,75.32
07/11/2018,75.73,19353990,76.65,77.12,75.23
07/10/2018,77.37,10966760,77.27,78,77.18
07/09/2018,76.8,10971710,76.13,76.91,76.09
07/06/2018,75.67,9310329,74.98,75.91,74.63
07/05/2018,75.21,9965147,75.75,75.99,74.99
07/03/2018,75.29,9308177,75.6,76.46,75.115
07/02/2018,74.82,15290520,75.41,75.43,74.41
06/29/2018,75.94,13164800,75.68,76.74,75.68
06/28/2018,75.47,14281480,75.68,75.96,74.89
06/27/2018,75.57,20573610,75.19,76.51,75.16
06/26/2018,74.57,13523590,73.83,74.86,73.57
06/25/2018,73.64,18376320,74.93,75.035,73.14
06/22/2018,75.15,28303270,75.5,75.97,75.14
06/21/2018,73.68,15006490,74.54,74.58,73.33
06/20/2018,75.07,11655930,75.19,75.35,74.47
06/19/2018,74.74,12330720,74.01,75.02,73.8
06/18/2018,74.91,13182460,73.98,75.41,73.98
06/15/2018,74.17,16067420,75.36,75.51,74.01
06/14/2018,76.31,10279760,76.64,76.865,76.125
06/13/2018,76.42,12501610,76.47,76.87,76.105
06/12/2018,76.71,15706880,77.3,77.48,76.5
06/11/2018,77.3,10717780,76.88,77.645,76.72
06/08/2018,76.9,11236430,77.14,77.35,76.42
06/07/2018,77.05,15176910,76.3,77.49,76.28
06/06/2018,75.9,13249210,75.82,76.1,75.23
06/05/2018,75.54,13704970,75.35,76.12,75.18
06/04/2018,75.72,13689070,76.64,77.2,75.515
06/01/2018,76.38,14102400,76.28,76.885,75.97
05/31/2018,76.02,13251080,76.04,76.925,75.86
05/30/2018,76.6,23021270,74.99,76.94,74.96
05/29/2018,74.35,19323890,74,74.8064,73.655
05/25/2018,74.58,32446860,75.22,75.32,73.84
05/24/2018,76.57,19154650,76.95,77.07,76.22
05/23/2018,77.85,16505090,77.41,77.91,76.765
05/22/2018,77.86,16582220,78.9,79.4167,77.64
05/21/2018,78.91,11283680,78.55,78.91,78.1545
05/18/2018,78.11,13526470,78.58,78.66,78.05
05/17/2018,78.72,16246360,77.8,78.825,77.76
05/16/2018,77.55,11997000,77.17,77.6,76.78
05/15/2018,77.28,10481860,77.09,77.4,76.69
05/14/2018,77.26,10226120,76.97,77.61,76.97
05/11/2018,76.73,12010510,76.79,77.25,76.56
05/10/2018,76.62,13889190,76.35,76.8,76
05/09/2018,76.05,24741510,75.44,76.89,75.43
05/08/2018,74.53,28652160,73.98,74.57,72.64
05/07/2018,73.95,17992180,74.43,75.57,73.8
05/04/2018,73.85,13573460,73.29,74.11,72.99
05/03/2018,73.49,15329380,73.32,73.61,72.5
05/02/2018,73.66,13134640,73.14,74.241,73.04
05/01/2018,73.36,13800810,73.44,73.49,72.43
04/30/2018,73.81,12962930,73.7,74.64,73.68
04/27/2018,73.82,10539250,73.85,74.19,73.53
04/26/2018,74.61,12215440,73.81,74.67,73.58
04/25/2018,73.54,13159120,72.73,73.64,72.27
04/24/2018,72.96,22778710,73.95,74.46,72.56
04/23/2018,73.75,14788780,73.07,73.76,72.67
04/20/2018,73.3,13681530,73.5,73.555,72.83
04/19/2018,73.65,18150210,73.62,74.2,73.201
04/18/2018,73.56,17309110,73.05,74.22,73.03
04/17/2018,72.42,15985180,72.33,72.75,71.92
04/16/2018,72.14,14019700,71.57,72.465,71.19
04/13/2018,71.41,13328490,71.01,71.7,70.9101
04/12/2018,70.63,14310140,70.88,71.19,70.38
04/11/2018,70.64,21175950,69.8,70.8,69.71
04/10/2018,69.91,22619590,68.74,70.455,68.72
04/09/2018,67.67,10718030,67.67,68.53,67.4
04/06/2018,67.35,18750880,68.16,68.49,66.46
04/05/2018,68.59,13526580,67.55,69.02,67.55
04/04/2018,67.38,12489550,66.44,67.5261,65.98
04/03/2018,67.47,14113070,66.31,67.53,65.68
04/02/2018,66.06,18992540,67.15,67.27,64.925
03/29/2018,67.41,13996920,66.31,67.675,66.3
03/28/2018,66.02,18226600,67.37,67.6,65.91
03/27/2018,67.33,13921850,68.26,68.54,66.94
03/26/2018,67.97,15953190,67.54,68.07,66.76
03/23/2018,66.77,19208200,67.52,68.3,66.62
03/22/2018,67.18,18481690,67.82,68.18,67.05
03/21/2018,68.58,16438300,67.23,69.02,67.02
03/20/2018,66.83,11258640,66.63,67.28,66.54
03/19/2018,66.27,14524130,67.1,67.19,65.89
03/16/2018,67.31,14342080,66.75,67.61,66.62
03/15/2018,67.19,12408510,67.79,68.08,66.68
03/14/2018,67.54,11347960,68.2,68.39,67.4
03/13/2018,67.94,10730130,68.64,68.95,67.66
03/12/2018,68.43,9483976,68.49,68.93,68.09
03/09/2018,68.45,11390790,67.69,68.51,67.63
03/08/2018,67.17,8010517,67.34,67.54,66.69
03/07/2018,67.19,12359990,66.97,67.68,66.56
03/06/2018,67.7,15675400,68.08,68.3333,67.36
03/05/2018,67.66,12831530,66.64,67.8701,66.52
03/02/2018,66.95,14578780,66.18,67.19,65.65
03/01/2018,66.64,22973010,66.67,67.685,66.16
02/28/2018,66.74,17605030,68.67,68.92,66.71
02/27/2018,68.31,13445720,69.35,69.9,68.3
02/26/2018,69.21,12153540,69.15,69.35,68.805
02/23/2018,68.8,16594350,67.67,68.85,67.55
02/22/2018,67.34,15330110,67.09,68.33,66.918
02/21/2018,66.61,12527560,67.55,68.18,66.61
02/20/2018,67.75,17805110,68.26,68.76,67.44
02/16/2018,68.12,13790950,68,68.76,67.71
02/15/2018,68.29,16225430,68.6,68.65,67.19
02/14/2018,68.46,19741840,66.82,68.66,66.66
02/13/2018,67.48,12273790,67.41,67.77,67.01
02/12/2018,67.76,24956450,67.53,68.51,67.21
02/09/2018,66.67,35166860,67.51,67.58,64.45
02/08/2018,66.72,27763820,68.87,69.15,66.6899
02/07/2018,68.8,24600100,70.19,71.065,68.79
02/06/2018,69.97,32658220,68.23,70.4699,67.9
02/05/2018,69.42,33688050,71.49,72.4,68.28
02/02/2018,72.46,30722160,74.23,74.41,72.06
02/01/2018,75.62,18004640,74.95,75.67,74.531
01/31/2018,74.85,15764420,75,75.1342,74.33
01/30/2018,74.8,22746200,75.7,75.91,74.735
01/29/2018,76.34,12646400,77.2,77.47,76.22
01/26/2018,77.51,7751871,77.26,77.64,77.1
01/25/2018,77.09,11593210,78.09,78.09,76.95
01/24/2018,77.7,12918530,78,78.39,77.43
01/23/2018,77.91,10183260,78.18,78.26,77.519
01/22/2018,78.03,17011990,76.48,78.06,76.46
01/19/2018,76.38,12919120,76.31,76.41,75.88
01/18/2018,76.48,11514520,76.82,77.01,76.34
01/17/2018,77.11,14006380,76.66,77.44,76.16
01/16/2018,76.44,16614950,77.6,77.65,76.3
01/12/2018,77.42,19816940,76.7,77.62,76.7
01/11/2018,76.68,18086390,75.4,76.95,75.13
01/10/2018,75.14,10821070,75.45,75.5,75.08
01/09/2018,75.23,9234191,75.57,75.59,75.11
01/08/2018,75.42,9777492,74.94,75.46,74.7353
01/05/2018,74.97,14203260,74.9,75.03,74.35
01/04/2018,75,14305430,74.5,75.05,74.23
01/03/2018,74.55,19296860,73.6,74.74,73.52
01/02/2018,73.45,14890350,72.62,73.53,72.39
12/29/2017,72.26,7337778,72.66,72.7,72.1401
12/28/2017,72.47,7963985,72.35,72.47,72.225
12/27/2017,72.36,10854900,72.61,72.64,72.214
12/26/2017,72.6,8605559,72.23,72.72,72.08
12/22/2017,71.97,10660820,71.9,72.26,71.6001
12/21/2017,71.82,16798570,70.36,72.03,70.29
12/20/2017,70.33,12253930,69.58,70.45,69.37
12/19/2017,69.35,6764247,69.57,69.75,69.19
12/18/2017,69.25,9660685,68.89,69.595,68.87
12/15/2017,68.72,10151910,69.27,69.27,68.625
12/14/2017,69.24,11782250,69.23,69.73,69.21
12/13/2017,69.49,9215749,69.59,69.75,69.285
12/12/2017,69.59,11758230,70.05,70.13,69.495
12/11/2017,69.78,11316720,69.41,70.135,69.37
12/08/2017,69.28,10696610,69,69.31,66.6863
12/07/2017,68.65,8640133,68.38,68.77,68.32
12/06/2017,68.45,12060860,69.15,69.27,68.351
12/05/2017,69.35,10689760,69.65,69.9,69.27
12/04/2017,69.65,13575150,69.75,70.75,69.43
12/01/2017,69.68,21180480,69.59,70.16,68.94
11/30/2017,69.1,22302380,68.24,69.23,68.24
11/29/2017,68.08,13599340,67.68,68.205,67.54
11/28/2017,67.71,12113320,67.26,67.81,67.18
11/27/2017,67.19,10595840,67.59,67.67,67.045
11/24/2017,67.88,4990724,67.96,68.1,67.87
11/22/2017,67.69,9306466,67.82,67.955,67.65
11/21/2017,67.42,8462364,67.53,67.8,67.28
11/20/2017,67.27,7785100,67.35,67.41,66.975
11/17/2017,67.43,9172427,67.23,67.57,67.06
11/16/2017,67.1,12513760,67.16,67.4,66.91
11/15/2017,67.37,17690400,67.53,67.67,67.09
11/14/2017,68.14,16526980,69,69,68.06
11/13/2017,69.26,7489534,69.47,69.73,69.18
11/10/2017,69.66,10506560,69.91,69.97,69.1301
11/09/2017,70.03,12988170,69.55,70.15,69.45
11/08/2017,69.82,14246620,69.99,70.17,69.4301
11/07/2017,70.16,13408200,70.37,70.4651,69.79
11/06/2017,70.25,19085680,68.99,70.34,68.87
11/03/2017,68.68,11110880,68.45,68.95,68.38
11/02/2017,68.48,11327600,68.68,68.87,68.065
11/01/2017,68.68,17011680,68.32,68.995,68.29
10/31/2017,67.91,9647977,67.72,68.16,67.42
10/30/2017,67.69,11614510,67.44,67.88,67.3101
10/27/2017,67.34,16187590,66.87,67.7,66.34
10/26/2017,67.22,9362173,67.11,67.44,66.82
10/25/2017,67.08,13522250,67.43,67.625,66.87
10/24/2017,67.55,9796226,67.66,67.85,67.405
10/23/2017,67.42,8655313,67.82,68.04,67.36
10/20/2017,67.77,9423208,67.79,67.81,67.32
10/19/2017,67.64,7591879,67.38,67.92,67.35
10/18/2017,67.85,7706062,68.28,68.56,67.77
10/17/2017,68.33,8376536,68.27,68.475,67.961
10/16/2017,68.29,7666914,68.35,68.6863,68.15
10/13/2017,68.14,8892902,68.58,68.78,68.1
10/12/2017,68.18,10181100,67.91,68.265,67.8
10/11/2017,68.43,10286820,68.19,68.465,67.91
10/10/2017,68.27,7762863,68.69,68.93,68.2
10/09/2017,68.21,5763784,68.15,68.415,68.07
10/06/2017,68.07,11952040,68,68.375,67.84
10/05/2017,68.65,10161750,68.39,68.76,68.35
10/04/2017,68.34,10197210,68.39,68.59,68.1
10/03/2017,68.39,7237869,68.37,68.62,68.24
10/02/2017,68.46,12398240,67.75,68.48,67.49
09/29/2017,68.48,14277000,68.25,68.49,68.03
09/28/2017,68.49,11797670,68.58,68.9,68.3
09/27/2017,68.43,10905440,68.2,68.45,67.82
09/26/2017,68.14,10710510,68,68.265,67.81
09/25/2017,68.17,14800350,67.51,68.37,67.445
09/22/2017,67.2,14647690,66.8,67.39,66.73
09/21/2017,66.86,8804405,66.75,67.025,66.56
09/20/2017,66.84,18264610,66.58,67.02,66.521
09/19/2017,66.39,10504010,66.26,66.485,66.13
09/18/2017,66.12,12482110,65.69,66.16,65.64
09/15/2017,65.84,12409430,65.82,65.84,65.4
09/14/2017,66.55,14521810,66.36,67,66.35
09/13/2017,66.23,15872650,65.55,66.27,65.48
09/12/2017,65.41,9396828,65.2,65.55,65.03
09/11/2017,65.01,13547450,64.65,65.1,64.5
09/08/2017,64.4,10262970,64.95,64.99,64.1
09/07/2017,65.09,8640291,65,65.25,64.66
09/06/2017,64.97,17050730,64.25,65.15,64.22
09/05/2017,63.93,18104170,63.84,64.24,63.48
09/01/2017,63.58,11581850,63.07,63.79,62.91
08/31/2017,62.97,10332970,62.94,63.13,62.73
08/30/2017,62.67,8638507,62.4,62.8563,62.215
08/29/2017,62.64,8718967,62.42,62.72,62.18
08/28/2017,62.72,9954348,63.03,63.24,62.38
08/25/2017,63,8214257,62.84,63.25,62.82
08/24/2017,62.72,10388110,62.46,62.87,62.44
08/23/2017,62.68,11524360,62.28,63,62.22
08/22/2017,62.41,15169940,62.17,62.55,62.13
08/21/2017,62,10374380,62.23,62.255,61.8
08/18/2017,62.32,18631030,61.85,62.74,61.81
08/17/2017,62.01,14794180,62.65,62.89,61.99
08/16/2017,62.9,16573880,63.53,63.705,62.77
08/15/2017,63.51,12714660,63.85,63.85,63.14
08/14/2017,63.75,11405600,64.06,64.34,63.67
08/11/2017,63.94,15979010,64.16,64.52,63.88
08/10/2017,64.36,15246590,65.16,65.27,64.25
08/09/2017,65.05,10425040,65.09,65.455,64.81
08/08/2017,64.99,10421670,64.95,65.5599,64.8
08/07/2017,65.14,11435540,65.36,65.48,64.94
08/04/2017,65.64,9365886,65.46,65.82,65.31
08/03/2017,65.43,15326000,66.25,66.36,65.14
08/02/2017,66.36,15116030,66.27,66.63,65.678
08/01/2017,66.61,12551790,66.66,66.99,66.32
07/31/2017,66.62,13458180,66.49,67,66.31
07/28/2017,66.47,14764010,66.33,67.1254,66.22
07/27/2017,66.55,15784520,65.9,66.58,65.6
07/26/2017,65.88,21198600,66.18,66.64,65.7
07/25/2017,65.81,15475540,65.77,66.28,65.62
07/24/2017,64.99,10423020,65.25,65.35,64.84
07/21/2017,65.11,13049410,65.54,65.85,65.02
07/20/2017,65.76,16933430,66.33,66.565,65.58
07/19/2017,65.96,24792950,64.94,66.02,64.89
07/18/2017,65.01,14741460,65.65,65.67,64.735
07/17/2017,65.32,12173530,65.28,65.765,65.22
07/14/2017,65.4,10225980,65.05,65.52,64.99
07/13/2017,65.01,10041190,64.8,65.06,64.44
07/12/2017,64.75,14817140,65.21,65.37,64.47
07/11/2017,64.57,11892380,64.33,64.8,63.93
07/10/2017,64.22,14140900,63.92,64.37,63.78
07/07/2017,64.01,16036470,63.9,64.1,63.29
07/06/2017,64.11,20775550,64.94,65.13,63.97
07/05/2017,64.83,20967870,65.84,65.9,64.585
07/03/2017,66.17,18402800,65.15,66.48,65.08
06/30/2017,64.92,19641990,65.1,65.22,64.5
06/29/2017,64.63,19021900,64.68,65.34,64.49
06/28/2017,64.49,16857460,64.22,64.88,64.18
06/27/2017,64.14,14216070,64.47,64.76,64.13
06/26/2017,64.24,13567870,64.58,64.7,63.98
06/23/2017,64.38,14531900,63.96,64.45,63.78
06/22/2017,63.95,15430090,64.02,64.5,63.69
06/21/2017,63.99,27288940,64.84,65.22,63.64
06/20/2017,65.04,16049490,65.12,65.22,64.31
06/19/2017,65.88,15656810,66.15,66.29,65.71
06/16/2017,66.3,23861740,65.61,66.33,65.19
06/15/2017,65.67,19257390,65.87,66.2,65.38
06/14/2017,66.17,30259790,67.21,67.21,65.66
06/13/2017,67.39,15803010,67.09,67.48,66.77
06/12/2017,66.89,22921590,67.01,67.5539,66.745
06/09/2017,66.42,23175440,65.01,66.64,65
06/08/2017,64.86,19564820,64.74,65.34,64.72
06/07/2017,65.05,22911370,65.71,66.03,64.6
06/06/2017,65.98,14828680,65.17,66.09,65.02
06/05/2017,65.21,12551490,64.89,65.45,64.87
06/02/2017,65.09,16525350,65.55,65.57,64.81
06/01/2017,65.85,17969250,65.47,66.09,65.26
05/31/2017,65.44,15990020,65.2,65.64,65.095
05/30/2017,65.72,14502630,66.26,66.26,65.69
05/26/2017,66.61,13189470,66.5,66.67,66.18
05/25/2017,66.5,23324900,67.56,68.23,66.26
05/24/2017,67.73,13576630,68.01,68.22,67.42
05/23/2017,68.09,9081888,68.11,68.18,67.7343
05/22/2017,67.93,10326390,68.44,68.48,67.69
05/19/2017,68.08,15132710,67.58,68.22,67.42
05/18/2017,67.25,14065980,66.97,67.585,66.72
05/17/2017,67.27,15384790,67.54,68.1195,67.24
05/16/2017,67.94,11691320,68.6,68.6,67.7
05/15/2017,68.28,13099180,68.76,68.87,68.06
05/12/2017,67.75,10642140,67.93,68.06,67.55
05/11/2017,67.98,11968680,68.36,68.48,67.88
05/10/2017,68.12,18257900,67.62,68.44,67.56
05/09/2017,67.23,10716810,67.93,67.93,67.025
05/08/2017,67.79,18938550,67.3,67.91,67.24
05/05/2017,67.31,18710630,66.3,67.42,66.265
05/04/2017,66.26,33933000,67.03,67.11,65.83
05/03/2017,67.5,16910950,67.16,67.82,66.97
05/02/2017,67.31,15990650,67.79,68.01,67.03
05/01/2017,67.65,9419351,67.82,68.005,67.5
04/28/2017,67.84,14425040,68.37,68.49,67.735
04/27/2017,67.79,20542350,68.01,68.08,67.115
04/26/2017,68.54,18682960,68.45,69.47,68.42
04/25/2017,68.77,15586680,68.36,68.93,68.15
04/24/2017,68.19,13325580,68.29,68.47,67.98
04/21/2017,67.79,13341800,67.84,68.13,67.45
04/20/2017,68.13,16234370,68,68.63,67.93
04/19/2017,67.8,18109780,68.98,69.1099,67.62
04/18/2017,68.81,14723320,69.15,69.61,68.665
04/17/2017,69.46,8000084,69.29,69.5305,69.12
04/13/2017,69.31,17646210,70.54,70.59,69.15
04/12/2017,70.6,11453270,70.97,71.415,70.38
04/11/2017,70.9,13887870,71,71.03,70.14
04/10/2017,70.89,10817270,70.75,71.21,70.6
04/07/2017,70.36,12560700,70.67,70.86,70.2533
04/06/2017,70.63,13124360,70.35,70.83,70.16
04/05/2017,70.07,22719200,70.88,71.49,69.965
04/04/2017,70.29,12970870,69.93,70.345,69.26
04/03/2017,69.78,13117520,70.01,70.06,69.08
03/31/2017,69.9,19787010,69.91,70.34,69.58
03/30/2017,70.14,15883130,70.6,70.77,69.96
03/29/2017,70.16,18574200,69.2,70.28,69.01
03/28/2017,69.21,27905330,68.34,69.38,68.1832
03/27/2017,68.24,11477250,67.91,68.43,67.86
03/24/2017,68.56,10441390,68.93,69.08,68.43
03/23/2017,68.83,11800440,68.91,69.42,68.76
03/22/2017,69.11,12411030,69,69.43,68.72
03/21/2017,69.21,16711650,70.03,70.08,68.95
03/20/2017,69.746,12216870,69.57,69.85,69.15
03/17/2017,69.8,14233060,70.14,70.29,69.8
03/16/2017,70.27,16107130,70.92,70.92,70.07
03/15/2017,70.77,23188100,69.82,70.93,69.48
03/14/2017,69.23,26373790,69.48,69.49,68.62
03/13/2017,70.02,13078640,69.94,70.36,69.78
03/10/2017,70.01,17477270,70.56,70.65,69.6
03/09/2017,70.11,27734240,69.3,70.15,68.89
03/08/2017,69.65,25556120,71.22,71.64,69.62
03/07/2017,71.51,11459330,72.41,72.43,71.42
03/06/2017,72.15,8367482,71.87,72.25,71.59
03/03/2017,71.99,11149540,72.24,72.51,71.825
03/02/2017,72.12,10762500,72.45,72.81,72.09
03/01/2017,72.81,18983330,72.04,73.14,71.99
02/28/2017,71.38,14012150,71.39,71.715,71.18
02/27/2017,71.6,23677700,71.06,71.91,70.94
02/24/2017,70.99,13992770,71.14,71.41,70.63
02/23/2017,71.66,17375430,72.16,72.28,71.21
02/22/2017,71.36,11350570,72.12,72.2,71.305
02/21/2017,72.46,11793720,72.65,72.85,72.35
02/17/2017,71.97,11579270,72,72.21,71.74
02/16/2017,72.37,11366360,73.44,73.54,72.26
02/15/2017,73.37,8919990,73.44,73.76,73.13
02/14/2017,73.66,10771590,73.63,73.69,72.74
02/13/2017,73.42,7982438,73.13,73.45,72.99
02/10/2017,73.28,10405320,73.31,73.69,73.06
02/09/2017,72.73,9261127,72.35,72.95,72.35
02/08/2017,71.92,16145590,71.42,72.08,70.65
02/07/2017,71.75,14149700,72.46,72.8,71.37
02/06/2017,72.78,10512890,73.51,73.65,72.57
02/03/2017,73.4,11826580,73.06,73.78,72.63
02/02/2017,72.77,12878990,72.48,72.9,71.9
02/01/2017,72.36,18415810,73.29,73.385,71.91
01/31/2017,72.9,14006610,72.91,73.02,72.13
01/30/2017,72.87,13276690,73.89,73.93,72.36
01/27/2017,74.23,9941617,74.55,74.63,74.01
01/26/2017,75.01,8643169,75.19,75.31,74.8479
01/25/2017,74.95,9398361,74.58,75.18,74.56
01/24/2017,74.56,11827960,74.04,74.88,73.9
01/23/2017,73.75,15196350,74.2,74.35,73.39
01/20/2017,74.54,9172258,74.74,74.99,74.29
01/19/2017,74.26,8993722,74.67,74.7,74.08
01/18/2017,74.67,8722457,74.43,74.87,74.34
01/17/2017,74.84,9767842,74.61,75.02,74.55
01/13/2017,74.38,9896951,74.5,74.66,74.19
01/12/2017,74.6,10890490,75.33,75.41,74.3
01/11/2017,74.91,12875270,74.37,75.05,74.06
01/10/2017,74.11,9657939,74.73,74.9,74.05
01/09/2017,74.79,10946750,75.39,75.46,74.68
01/06/2017,75.89,7410423,76.06,76.145,75.3925
01/05/2017,75.82,11140460,76.06,76.34,75.4574
01/04/2017,76.01,11175430,76.23,76.37,75.76
01/03/2017,76.17,24620330,76.11,76.81,75.36
12/30/2016,75.32,8852558,75.47,75.89,75.08
12/29/2016,75.54,6696442,75.58,75.8,75.27
12/28/2016,75.69,8091249,76.69,76.72,75.63
12/27/2016,76.52,10001760,76.47,76.78,76.4
12/23/2016,76.35,6396232,76.3,76.505,76.18
12/22/2016,76.42,10969290,76.16,76.62,76.01
12/21/2016,76.11,8099808,76.15,76.46,75.73
12/20/2016,75.99,8978084,76.55,76.65,75.78
12/19/2016,76.16,7108254,76.43,76.57,76.01
12/16/2016,76.51,16870900,76.58,76.58,76.12
12/15/2016,76.44,19011300,75.95,76.725,75.52
12/14/2016,76.27,19822000,77.46,77.77,76.055
12/13/2016,77.83,16007830,77.54,78.39,76.83
12/12/2016,76.96,16121510,78.3,78.45,76.64
12/09/2016,76.6,8969284,76.76,76.76,76.16
12/08/2016,76.36,14594870,76.15,76.4599,75.56
12/07/2016,75.95,15994540,75.18,76.0559,75.18
12/06/2016,75.35,16957310,75.03,75.65,74.575
12/05/2016,75.49,22500020,75.51,76.0968,75.19
12/02/2016,74.83,18323840,74.57,75.18,74.36
12/01/2016,74.61,27404020,75.81,76.06,74.55
